-- phpMyAdmin SQL Dump
-- version 5.2.0
-- https://www.phpmyadmin.net/
--
-- Host: 127.0.0.1
-- Generation Time: Dec 10, 2024 at 04:37 PM
-- Server version: 10.4.27-MariaDB
-- PHP Version: 7.4.33

SET SQL_MODE = "NO_AUTO_VALUE_ON_ZERO";
START TRANSACTION;
SET time_zone = "+00:00";


/*!40101 SET @OLD_CHARACTER_SET_CLIENT=@@CHARACTER_SET_CLIENT */;
/*!40101 SET @OLD_CHARACTER_SET_RESULTS=@@CHARACTER_SET_RESULTS */;
/*!40101 SET @OLD_COLLATION_CONNECTION=@@COLLATION_CONNECTION */;
/*!40101 SET NAMES utf8mb4 */;

--
-- Database: `e-commerce`
--

-- --------------------------------------------------------

--
-- Table structure for table `tb_category`
--

CREATE TABLE `tb_category` (
  `category_id` int(11) NOT NULL,
  `category_name` varchar(25) NOT NULL
) ENGINE=InnoDB DEFAULT CHARSET=utf8mb4 COLLATE=utf8mb4_general_ci;

--
-- Dumping data for table `tb_category`
--

INSERT INTO `tb_category` (`category_id`, `category_name`) VALUES
(5, 'Laptop'),
(6, 'HandPhone'),
(7, 'Pakaian Pria'),
(8, 'Elektronik'),
(9, 'HandsFree');

-- --------------------------------------------------------

--
-- Table structure for table `tb_product`
--

CREATE TABLE `tb_product` (
  `product_id` int(11) NOT NULL,
  `category_id` int(11) NOT NULL,
  `product_name` varchar(100) NOT NULL,
  `product_price` int(11) NOT NULL,
  `product_description` text NOT NULL,
  `product_image` varchar(100) NOT NULL,
  `product_status` tinyint(1) NOT NULL,
  `date_created` timestamp NOT NULL DEFAULT current_timestamp() ON UPDATE current_timestamp()
) ENGINE=InnoDB DEFAULT CHARSET=utf8mb4 COLLATE=utf8mb4_general_ci;

--
-- Dumping data for table `tb_product`
--

INSERT INTO `tb_product` (`product_id`, `category_id`, `product_name`, `product_price`, `product_description`, `product_image`, `product_status`, `date_created`) VALUES
(11, 5, 'Laptop ASUS ROG Zephyrus Duo 16 (2023) GX650PI', 60999000, '<p>ASUS ROG Zephyrus Duo 16 2023 adalah salah satu laptop gaming ASUS terbaik. Laptop gaming ini memiliki dua layar yang bisa digunakan untuk membantu bermain game. Prosesor AMD Ryzen 9 seri 7000 dan GPU NVIDIA GeForce RTX 40 terbaru. Kombinasi keduanya bisa menawarkan kinerja gaming dan multitasking luar biasa. Seri laptop Zephyrus selain bagus untuk gaming, juga bagus untuk aplikasi desain grafis yang berat.</p>\r\n\r\n<p>Grafik NVIDIA GeForce RTX 40 menjamin framerate di game luar biasa. Kecepatan loading saat membuat grafis di aplikasi populer juga lebih cepat. Laptop ASUS ROG terbaru 2024 ini memiliki kamera web 1080p yang bisa rekam video dengan aman. Kelebihan lain&nbsp;<a href=\"https://www.bhinneka.com/blog/laptop-asus-terbaru/\" target=\"_blank\">laptop ASUS terbaru</a>&nbsp;ini adalah memiliki penyimpanan SSD PCIe 4.0 yang cepat dan RAM DDR5. ROG Zephyrus adalah pilihan tepat untuk Anda yang membutuhkan laptop untuk gaming dan aplikasi berat.</p>\r\n\r\n<h3>Spesifikasi Laptop ASUS ROG Zephyrus Duo 16 2023</h3>\r\n\r\n<ul>\r\n	<li><strong>Sistem Operasi:</strong>&nbsp;Windows 11 Home</li>\r\n	<li><strong>Prosesor:</strong>&nbsp;AMD Ryzen 9 7945HX, 16-Core up to 5.4 GHz (64MB L3 cache)</li>\r\n	<li><strong>Graphics:</strong>&nbsp;NVIDIA GeForce RTX 4070 8GB GDDR5</li>\r\n	<li><strong>Memory:</strong>&nbsp;16GB DDR5-4800 SO-DIMM</li>\r\n	<li><strong>Storage:</strong>&nbsp;2TB PCIe 4.0 NVMe M.2 SSD</li>\r\n	<li><strong>Layar:</strong>&nbsp;IPS 16 inci QHD+ 2560 x 1600 piksel (240Hz)</li>\r\n	<li><strong>Layar Kedua:</strong>&nbsp;ScreenPad Plus 14 inci 3840 x 1100 piksel</li>\r\n	<li><strong>Port:</strong>&nbsp;USB Type-A, USB Type-C, HDMI, LAN, 3.5mm Audio Jack</li>\r\n	<li><strong>Audio:</strong>&nbsp;Quad Speaker with Smart Amp and Dolby Atmos</li>\r\n	<li><strong>Keyboard:</strong>&nbsp;Backlit Chiclet per-Key RGB</li>\r\n	<li><strong>Wireless:</strong>&nbsp;WiFi 6E Triple Band, Bluetooth 5.3</li>\r\n	<li><strong>Webcam:</strong>&nbsp;FHD 1080p @30fps</li>\r\n	<li><strong>Baterai:</strong>&nbsp;4-cell 90Wh Li-Ion with 330W AC Adapter</li>\r\n	<li><strong>Dimensi:</strong>&nbsp;35.5 x 26.6 x 2.05 cm, berat: 2.67 kg.</li>\r\n</ul>\r\n', 'produk1731425061.jpg', 1, '2024-11-12 15:42:41'),
(12, 9, 'Handsfre  Huawei Freebuds Pro 2 (bluetooth/wieless)', 480000, '<p>Huawei Freebuds Pro 2 menawarkan beberapa keunggulan, termasuk teknologi&nbsp;<em>noise cancellation</em>&nbsp;(ANC) yang canggih dengan tiga mikrofon untuk meningkatkan ANC hingga 15%. Tersedia tiga mode ANC yang berbeda, mulai dari mengurangi kebisingan rendah hingga menciptakan lingkungan yang tenang.&nbsp;</p>\r\n\r\n<p>Fitur Triple Adaptive EQ secara otomatis menyesuaikan kualitas suara dan volume dengan kondisi telinga dan cara pemakaian, memberikan pengalaman audio yang mulus.&nbsp;</p>\r\n\r\n<p>Teknologi Dual-Speaker True Sound menghadirkan kualitas audio terbaik dengan suara yang luas dari 14 Hz hingga 48 kHz, termasuk<em>&nbsp;treble</em>&nbsp;yang jernih dan bass yang kuat, menjadikannya pilihan yang nyaman dan luar biasa untuk para pengguna.</p>\r\n', 'produk1731424561.jpg', 1, '2024-11-12 17:10:55'),
(13, 5, 'Laptop Lenovo LOQ 15IAX9', 25000000, '<p>Desktop-Caliber Gaming Happens with Intel&reg;</p>\r\n\r\n<p>Take a revolutionary leap into real-world hybrid performance with 12th Gen Intel&reg;&nbsp;Core&trade; processors. Combining revolutionary performance and efficiency cores, they enable seamless streaming, editing, gaming and recording, delivering performance where you need it most. Intel&reg;&nbsp;Thread Director keeps your gaming free from interruptions or throttling while Intel&reg;&nbsp;Turbo Boost Technology boosts your framerates during peak loads, meaning background tasks won&rsquo;t slow you down, while Intel&reg;&nbsp;WiFi 6 gives you a lag-free VIP lane for internet traffic.</p>\r\n\r\n<p>&nbsp; &nbsp; &nbsp; &nbsp; &nbsp; &nbsp; &nbsp;1.&nbsp; Fueled by powerful, lag-free Intel&reg;&nbsp;Core&trade; HX processors&nbsp;</p>\r\n\r\n<p>&nbsp; &nbsp; &nbsp; &nbsp; &nbsp; &nbsp; &nbsp;2. Go beyond fast with NVIDIA&reg;&nbsp;GeForce RTX&trade;&nbsp;GPUs</p>\r\n\r\n<p>&nbsp; &nbsp; &nbsp; &nbsp; &nbsp; &nbsp; &nbsp;3. Unique hyper chamber thermal design for ultra-cool gaming</p>\r\n\r\n<p>Game-changing AI smarts adjust settings on the fly&nbsp;</p>\r\n', 'produk1731426270.png', 1, '2024-11-12 16:12:41'),
(14, 5, 'Laptop ASUS ROG Flow Z13 2023 GZ301VV', 35999000, '<h3>Spesifikasi Laptop ASUS ROG Z13 2023</h3>\r\n\r\n<ol>\r\n	<li><strong>Sistem Operasi:</strong>&nbsp;Windows 11 Home</li>\r\n	<li><strong>Prosesor:</strong>&nbsp;Intel Core i9-13900H, 14-Core up to 5.4 GHz (24MB L3 cache)</li>\r\n	<li><strong>Graphics:</strong>&nbsp;NVIDIA GeForce RTX 4060 8GB GDDR6</li>\r\n	<li><strong>Memory:</strong>&nbsp;2x 8GB LPDDR5</li>\r\n	<li><strong>Storage:</strong>&nbsp;1 TB PCIe NVMe M.2 SSD</li>\r\n	<li><strong>Layar:</strong>&nbsp;IPS 13.4 inci QHD+ 2560 x 1600 piksel (165Hz)</li>\r\n	<li><strong>Port:</strong>&nbsp;USB Type-A, USB Type-C, Thunderbolt, 3.5mm Audio Jack</li>\r\n	<li><strong>Audio:</strong>&nbsp;Dual Speaker with Smart Amp and Dolby Atmos</li>\r\n	<li><strong>Keyboard:</strong>&nbsp;Backlit chiclet 1-zone RGB</li>\r\n	<li><strong>Wireless:</strong>&nbsp;WiFi 6E Dual Band, Bluetooth 5.2</li>\r\n	<li><strong>Webcam:</strong>&nbsp;13MP and 5MP IR Camera</li>\r\n	<li><strong>Baterai:</strong>&nbsp;4-cell 56Wh Li-Ion with 130W AC Adapter</li>\r\n	<li><strong>Dimensi:</strong>&nbsp;30.2 x 20.6 x 1.29 cm, berat: 1.18 kg.</li>\r\n</ol>\r\n', 'produk1731431022.jpg', 1, '2024-11-12 17:03:42'),
(15, 5, 'Laptop Acer Triton 500', 15000000, '<p>Acer Triton 500 laptop gaming yang memiliki performa tinggi dan memiliki 2 type spesifikasi laptop yaitu menggunakan intel i7 generasi ke-9 dan generasi ke-10. Pada desain logo terdapat pada tengah cover pada laptop yaitu logo acer predator, kemudia pada bagian tengah engsel terdapat ventilasi udara sebagai sirkulasi agar laptop tetap stabil dan tidak panas.</p>\r\n\r\n<p>Untuk laptop ini memiliki beberapa spesifikasi yaitu :</p>\r\n\r\n<table>\r\n	<tbody>\r\n		<tr>\r\n			<td>Spesifikasi 1</td>\r\n		</tr>\r\n		<tr>\r\n			<td>PROSESOR</td>\r\n			<td>Intel Core i7 9750</td>\r\n		</tr>\r\n		<tr>\r\n			<td>RAM</td>\r\n			<td>32 GB</td>\r\n		</tr>\r\n		<tr>\r\n			<td>PENYIMPANAN</td>\r\n			<td>512 GB</td>\r\n		</tr>\r\n		<tr>\r\n			<td>GRAFIS</td>\r\n			<td>RTX2080 8 GB</td>\r\n		</tr>\r\n		<tr>\r\n			<td>OS</td>\r\n			<td>WINDOWS 10</td>\r\n		</tr>\r\n		<tr>\r\n			<td>TAMPILAN</td>\r\n			<td>15.6 FHD</td>\r\n		</tr>\r\n		<tr>\r\n			<td>WARNA</td>\r\n			<td>HITAM (Black)</td>\r\n		</tr>\r\n	</tbody>\r\n</table>\r\n', 'produk1731431237.jpg', 1, '2024-11-12 17:07:17'),
(16, 5, 'Laptop Apple MacBook Air M2 (2024)', 17000000, '<p>Berikut Spesifikasinya :&nbsp;</p>\r\n\r\n<ol>\r\n	<li><strong>Prosesor</strong>: Apple M2 Chip (8-core CPU, 10-core GPU)</li>\r\n	<li><strong>RAM</strong>: 8GB / 16GB (Unified Memory)</li>\r\n	<li><strong>Penyimpanan</strong>: 256GB / 512GB / 1TB SSD</li>\r\n	<li><strong>Layar</strong>: 13,6 inci Retina Display (2560 x 1664 pixels)</li>\r\n	<li><strong>Baterai</strong>: Hingga 18 jam penggunaan</li>\r\n	<li><strong>Berat</strong>: 1,24 kg</li>\r\n	<li><strong>Sistem Operasi</strong>: macOS Ventura</li>\r\n</ol>\r\n', 'produk1731519271.jpg', 1, '2024-11-13 17:34:31'),
(17, 5, 'Laptop Dell XPS 13 (2024)', 16500000, '<p>Berikut Spesifikasinya :</p>\r\n\r\n<ol>\r\n	<li><strong>Prosesor</strong>: Intel Core i7-1365U (12th Gen)</li>\r\n	<li><strong>RAM</strong>: 16GB LPDDR5</li>\r\n	<li><strong>Penyimpanan</strong>: 512GB SSD</li>\r\n	<li><strong>Layar</strong>: 13,4 inci FHD+ (1920 x 1200 pixels) atau 4K UHD+ (3840 x 2400)</li>\r\n	<li><strong>Baterai</strong>: Hingga 12 jam penggunaan</li>\r\n	<li><strong>Berat</strong>: 1,17 kg</li>\r\n	<li><strong>Sistem Operasi</strong>: Windows 11 Pro</li>\r\n</ol>\r\n', 'produk1731519355.jpg', 1, '2024-11-13 17:35:55'),
(18, 5, 'Laptop HP Spectre x360 14 (2024)', 20999000, '<p>Berikut Spsifikasinya :</p>\r\n\r\n<ol>\r\n	<li><strong>Prosesor</strong>: Intel Core i7-1365U (12th Gen)</li>\r\n	<li><strong>RAM</strong>: 16GB LPDDR5</li>\r\n	<li><strong>Penyimpanan</strong>: 512GB SSD</li>\r\n	<li><strong>Layar</strong>: 13,5 inci OLED 3K (3000 x 2000 pixels)</li>\r\n	<li><strong>Baterai</strong>: Hingga 14 jam penggunaan</li>\r\n	<li><strong>Berat</strong>: 1,36 kg</li>\r\n	<li><strong>Sistem Operasi</strong>: Windows 11 Home</li>\r\n</ol>\r\n', 'produk1731519432.jpg', 1, '2024-11-13 17:37:12'),
(19, 5, 'Laptop Asus ROG Zephyrus G14 (2024)', 17899000, '<p>Berikut Spesifikasinya :</p>\r\n\r\n<ol>\r\n	<li><strong>Prosesor</strong>: AMD Ryzen 9 7940HS</li>\r\n	<li><strong>RAM</strong>: 16GB / 32GB DDR5</li>\r\n	<li><strong>Penyimpanan</strong>: 1TB SSD</li>\r\n	<li><strong>Layar</strong>: 14 inci QHD (2560 x 1600) 120Hz</li>\r\n	<li><strong>GPU</strong>: NVIDIA GeForce RTX 4060</li>\r\n	<li><strong>Baterai</strong>: Hingga 10 jam penggunaan</li>\r\n	<li><strong>Berat</strong>: 1,72 kg</li>\r\n	<li><strong>Sistem Operasi</strong>: Windows 11 Home</li>\r\n</ol>\r\n', 'produk1731519563.png', 1, '2024-11-13 17:39:23'),
(20, 5, 'Laptop Lenovo ThinkPad X1 Carbon Gen 11 (2024)', 10800000, '<p>Berikut Spesifikasinya :</p>\r\n\r\n<ol>\r\n	<li><strong>Prosesor</strong>: Intel Core i7-1365U (12th Gen)</li>\r\n	<li><strong>RAM</strong>: 16GB LPDDR5</li>\r\n	<li><strong>Penyimpanan</strong>: 512GB / 1TB SSD</li>\r\n	<li><strong>Layar</strong>: 14 inci WQXGA (2560 x 1600) 16:10</li>\r\n	<li><strong>Baterai</strong>: Hingga 15 jam penggunaan</li>\r\n	<li><strong>Berat</strong>: 1,12 kg</li>\r\n	<li><strong>Sistem Operasi</strong>: Windows 11 Pro</li>\r\n</ol>\r\n', 'produk1731519703.jpg', 1, '2024-11-13 17:41:43'),
(21, 5, 'Laptop Microsoft Surface Laptop 5 (2024)', 18950000, '<p>Berikut Spesifikasinya :</p>\r\n\r\n<ol>\r\n	<li><strong>Prosesor</strong>: Intel Core i7-1255U (12th Gen)</li>\r\n	<li><strong>RAM</strong>: 16GB LPDDR4x</li>\r\n	<li><strong>Penyimpanan</strong>: 512GB SSD</li>\r\n	<li><strong>Layar</strong>: 13,5 inci PixelSense (2256 x 1504 pixels)</li>\r\n	<li><strong>Baterai</strong>: Hingga 17 jam penggunaan</li>\r\n	<li><strong>Berat</strong>: 1,27 kg</li>\r\n	<li><strong>Sistem Operasi</strong>: Windows 11 Home</li>\r\n</ol>\r\n', 'produk1731519782.jpg', 1, '2024-11-13 17:43:02'),
(22, 5, 'Laptop Razer Blade 15 (2024)', 32000000, '<p>Berikut Spesifikasinya :</p>\r\n\r\n<ol>\r\n	<li><strong>Prosesor</strong>: Intel Core i7-13700H</li>\r\n	<li><strong>RAM</strong>: 16GB / 32GB DDR5</li>\r\n	<li><strong>Penyimpanan</strong>: 512GB / 1TB SSD</li>\r\n	<li><strong>Layar</strong>: 15,6 inci FHD 144Hz atau 4K OLED (3840 x 2160)</li>\r\n	<li><strong>GPU</strong>: NVIDIA GeForce RTX 4060 / RTX 4070</li>\r\n	<li><strong>Baterai</strong>: Hingga 9 jam penggunaan</li>\r\n	<li><strong>Berat</strong>: 2,1 kg</li>\r\n	<li><strong>Sistem Operasi</strong>: Windows 11 Home</li>\r\n</ol>\r\n', 'produk1731519854.jpg', 1, '2024-11-13 17:44:14'),
(23, 5, 'Laptop MacBook Pro 14 M2 Pro (2024)', 19550000, '<p>Berikut Spesifikasinya :</p>\r\n\r\n<ol>\r\n	<li><strong>Prosesor</strong>: Apple M2 Pro Chip (10-core CPU, 16-core GPU)</li>\r\n	<li><strong>RAM</strong>: 16GB / 32GB (Unified Memory)</li>\r\n	<li><strong>Penyimpanan</strong>: 512GB / 1TB SSD</li>\r\n	<li><strong>Layar</strong>: 14,2 inci Liquid Retina XDR (3024 x 1964 pixels)</li>\r\n	<li><strong>Baterai</strong>: Hingga 17 jam penggunaan</li>\r\n	<li><strong>Berat</strong>: 1,6 kg</li>\r\n	<li><strong>Sistem Operasi</strong>: macOS Ventura</li>\r\n</ol>\r\n', 'produk1731519941.jpg', 1, '2024-11-13 17:45:41'),
(26, 7, 'baju kemeja', 150000, '<p>barang ini bagus dan halus</p>\r\n', 'produk1733739263.jpeg', 1, '2024-12-09 10:14:23'),
(27, 9, ' Vinero Cordy In Ear Earphone', 95000, '<p><em>Headset</em>&nbsp;ini memiliki sejumlah kelebihan. Pertama, desain magnetiknya memudahkan penyimpanan dan mencegah kabel yang kusut. Kualitas suara yang tinggi dengan penyetelan profesional memberikan pengalaman mendengarkan yang luar biasa.&nbsp;</p>\r\n\r\n<p>Selain itu, kontrol kabel yang cerdas memungkinkan pengguna untuk mengatur pemutaran musik dengan mudah. Desainnya juga mengintegrasikan fitur peredam kebisingan pasif, sehingga kamu dapat menikmati musik tanpa gangguan dari lingkungan sekitar.&nbsp;</p>\r\n\r\n<p>Lebih penting,&nbsp;<em>headset&nbsp;</em>ini kompatibel dengan berbagai perangkat, menjadikannya pilihan yang serbaguna. Spesifikasi teknisnya mencakup jenis&nbsp;<em>headphone in-ear,&nbsp;</em>sensitivitas tinggi, impedansi rendah,&nbsp;<em>speaker</em>&nbsp;berdiameter 10 mm, dan rentang frekuensi suara yang luas antara 20 Hz hingga 20 kHz.</p>\r\n', 'produk1733805528.png', 1, '2024-12-10 04:38:48'),
(28, 9, 'REMAX True Wireless Earbuds TWS-10', 115000, '<p>Sekilas TWS-10 memiliki desain yang mirip dengan Airpods Pro. Detail&nbsp;<em>high-gloss</em>&nbsp;dan&nbsp;<em>high-finish</em>&nbsp;menambah kemewahan dan tampilan&nbsp;<em>headset</em>&nbsp;yang berkelas. Dengan detail&nbsp;<em>glossy&nbsp;</em>dan&nbsp;<em>finishing&nbsp;</em>yang tinggi, memberikan kesan mewah dan tampilan yang elegan. Selain itu,&nbsp;<em>headset</em>&nbsp;ini juga ringan, kompak, dan mudah dibawa ke mana-mana.</p>\r\n\r\n<p>Dengan kumparan bergerak besar sebesar 13 mm,&nbsp;<em>headset</em>&nbsp;ini secara otomatis terhubung saat tutupnya dibuka, menghilangkan kebutuhan untuk proses koneksi yang membosankan.&nbsp;</p>\r\n\r\n<p>Pengguna dapat memilih untuk mengaktifkan&nbsp;<em>headset</em>&nbsp;dalam mode tunggal atau binaural sesuai dengan preferensi mereka, yang berdampak pada kualitas suara. Dengan teknologi Bluetooth 5.0, koneksi&nbsp;<em>headset</em>&nbsp;ini menjadi lebih stabil, memberikan pengalaman mendengarkan yang lebih lancar.&nbsp;</p>\r\n\r\n<p>Selain itu,<em>&nbsp;headset</em>&nbsp;ini memiliki tiga layar baterai yang nyata, menampilkan status baterai baik pada earphone maupun pada kotak pengisian dayanya. Dengan jarak&nbsp;<em>bluetooth&nbsp;</em>mencapai lebih dari 10 meter,&nbsp;<em>headset</em>&nbsp;ini menawarkan fleksibilitas dalam penggunaan.</p>\r\n\r\n<p>Spesifikasi teknis lainnya mencakup tegangan kerja sebesar 5V, impedansi speaker sekitar 160 &Omega;, dan daya<em>&nbsp;speaker</em>&nbsp;sebesar 3 mW. Kapasitas baterai pada<em>&nbsp;earphone&nbsp;</em>mencapai 30&nbsp; mA, sementara kotak pengisian daya memiliki kapasitas sekitar 250 mA.&nbsp;</p>\r\n\r\n<p>Waktu pengisian&nbsp;<em>headset&nbsp;</em>ini sekitar 1.5 jam, dengan waktu bicara dan waktu bermain musik masing-masing lebih dari 2.5 jam, dan waktu siaga mencapai 200 jam.</p>\r\n', 'produk1733805618.jpeg', 1, '2024-12-10 04:40:18'),
(29, 9, ' Audio Technica ATH-CKD3C', 75000, '<p>ATH-CKD3C adalah&nbsp;<em>headphone in-ear</em>&nbsp;yang mengusung kemudahan penggunaan, cukup dengan menyambungkannya ke&nbsp;<em>smartphone t</em>anpa perlu pengaturan rumit atau pengisian daya tambahan. Dilengkapi dengan mikrofon dan kontrol di kabel,&nbsp;<em>headphone&nbsp;</em>ini sangat mudah digunakan.</p>\r\n\r\n<p>Desain akustiknya didasarkan pada&nbsp;<em>headphone</em>&nbsp;populer seperti ATH-CKR30is dan ATH-CKR30BT yang telah menjadi favorit dengan penjualan lebih dari satu juta unit di seluruh dunia, menjamin kualitas suara yang tinggi dalam berbagai situasi.</p>\r\n\r\n<p>ATH-CKD3C memiliki beragam fitur termasuk kemampuan untuk terhubung dengan perangkat Android, Mac, dan PC melalui terminal USB Type-C. Driver berukuran 9,8 mm memberikan suara yang kaya dan luas.&nbsp;</p>\r\n\r\n<p>Kontrol di kabel memungkinkan pengguna untuk menjawab panggilan, mengatur pemutaran musik, dan mengontrol volume dengan mudah. Keunggulan lainnya adalah kemampuan untuk langsung terhubung ke port USB-C tanpa perlu adaptor tambahan.&nbsp;</p>\r\n\r\n<p>Spesifikasi teknis mencakup diameter<em>&nbsp;driver</em>, sensitivitas tinggi, rentang frekuensi yang luas, daya masukan maksimum, dan panjang kabel yang nyaman. Dengan berbagai ukuran&nbsp;<em>ear plugs y</em>ang disertakan,&nbsp;<em>headphone</em>&nbsp;ini menawarkan kenyamanan dan kualitas suara yang tinggi dalam paket yang praktis.</p>\r\n', 'produk1733805735.jpeg', 1, '2024-12-10 04:42:15'),
(30, 9, 'Huawei Freebuds Pro 2', 250000, '<p>Huawei Freebuds Pro 2 memiliki sejumlah keunggulan yang mencakup fitur-fitur canggih. Pertama,&nbsp;<em>headset&nbsp;</em>TWS ini dilengkapi dengan teknologi&nbsp;<em>noise cancellation</em>&nbsp;(ANC) yang sangat baik, dengan tiga mikrofon untuk meningkatkan ANC hingga 15% lebih dalam.&nbsp;</p>\r\n\r\n<p>Pengguna dapat memilih dari tiga mode ANC yang berbeda sesuai dengan situasi, termasuk mode ultra untuk mengurangi kebisingan rendah, mode general untuk santai, dan mode&nbsp;<em>cozy&nbsp;</em>untuk lingkungan tenang.</p>\r\n\r\n<p>Selain itu, fitur Triple Adaptive EQ secara otomatis menyempurnakan kualitas suara dan volume sesuai dengan kondisi telinga dan cara pemakaian. Ini membuat Huawei Freebuds Pro 2 menghadirkan audio yang mulus dan optimal untuk bermain game atau menonton video.&nbsp;</p>\r\n\r\n<p>Dengan teknologi Dual-Speaker True Sound, headset ini menghadirkan kualitas audio terbaik dengan suara yang kaya mulai dari 14 Hz hingga 4<em>&nbsp;treble&nbsp;</em>8 kHz, termasuk yang jernih dan bass yang menggelegar. Semua fitur ini memberikan kenyamanan dan pengalaman audio yang luar biasa untuk para penggunanya.</p>\r\n', 'produk1733805904.jpeg', 1, '2024-12-10 04:45:04'),
(31, 9, 'Logitech G333 In Ear Gaming Earphone', 199000, '<p>G333 adalah earphone yang dirancang khusus untuk<em>&nbsp;gaming</em>, menghadirkan kualitas audio tinggi dan komunikasi yang jernih ke berbagai perangkat seperti PC, ponsel, Xbox, PlayStation, dan Nintendo.<em>&nbsp;</em></p>\r\n\r\n<p><em>Earphone</em>&nbsp;ini memiliki<em>&nbsp;dual driver audio&nbsp;</em>yang dedikasi, satu untuk nada tinggi/sedang dan satu lagi untuk bass, sehingga menghasilkan audio yang kuat dan mendalam, membuat pengguna tenggelam dalam pengalaman gaming mereka.&nbsp;</p>\r\n\r\n<p><em>Mikrofon in-line&nbsp;</em>yang berkualitas tinggi memastikan komunikasi yang jelas dalam game, dan kontrol terintegrasi memudahkan pengguna untuk mengatur pemutaran musik, menghentikan, serta mengontrol volume.</p>\r\n\r\n<p>G333 juga menawarkan kenyamanan khusus dengan berbagai pilihan warna dan tiga ukuran ujung silikon yang lembut dan fleksibel, sehingga earphone ini sangat nyaman digunakan. Wadah aluminium yang kokoh membuatnya tahan lama dan memberikan sentuhan estetis yang menarik.&nbsp;</p>\r\n\r\n<p>Spesifikasi teknis mencakup dua&nbsp;<em>driver&nbsp;</em>dinamis dengan rentang respon frekuensi 20 Hz hingga 20 KHz, impedansi 24 Ohm, dan sensitivitas mikrofon sekitar -42 dB. G333 adalah pilihan yang sangat baik untuk penggemar<em>&nbsp;gaming</em>&nbsp;yang menginginkan kualitas audio yang superior dan kenyamanan saat bermain.</p>\r\n', 'produk1733805990.jpeg', 1, '2024-12-10 04:46:30'),
(32, 9, 'Gamen Headset GE 100 In Ear Gaming Earphone Dual Microphone', 145500, '<p>Gamen GE 100 adalah&nbsp;<em>headset gaming in-ear&nbsp;</em>yang memiliki desain hitam merah yang keren. Keunggulan utama dari&nbsp;<em>headset&nbsp;</em>ini adalah dua jenis mikrofon yang disediakan, yaitu mikrofon bawaan yang tetap dan mikrofon yang bisa dilepas.&nbsp;</p>\r\n\r\n<p>Kehadiran kedua mikrofon ini membuat komunikasi dalam permainan menjadi lebih lancar dan sesuai dengan kebutuhan. Spesifikasi dari Gamen GE100 mencakup model GE 100, rentang frekuensi antara 50 hingga 20,000 Hz, diameter speaker 12.5 mm, impedansi 16 Ohm &plusmn;20%, daya maksimum 5mW, sensitivitas mikrofon -42dB&plusmn;3dB, dan sensitivita<em>s speaker</em>&nbsp;92&plusmn;3dB (pada 1KHz/1mW/318).&nbsp;</p>\r\n\r\n<p><em>Headset</em>&nbsp;ini dirancang khusus untuk gaming dan memiliki fitur Virtual Surround Sound untuk pengalaman audio yang lebih mendalam. Dengan tiga ukuran eartip yang nyaman,&nbsp;<em>headset&nbsp;</em>ini cocok untuk pengguna dengan berbagai preferensi.&nbsp;</p>\r\n\r\n<p>Gamen GE100 juga kompatibel dengan berbagai perangkat&nbsp;<em>games</em>&nbsp;dan merupakan produk original Gamen dengan garansi resmi.</p>\r\n', 'produk1733806097.jpeg', 1, '2024-12-10 04:48:17'),
(33, 9, 'Olike OW1 TWS Bluetooth Headset Earphone Sport Bone Conduction', 98990, '<p>Olike OW1 TWS Bluetooth Headset Earphone adalah&nbsp;<em>earphone</em>&nbsp;olahraga yang menggunakan teknologi konduksi tulang dan konduksi udara terbuka untuk menghadirkan pengalaman audio yang unik. Dengan&nbsp;<em>driver speaker&nbsp;</em>berukuran 16 mm,&nbsp;<em>earphone</em>&nbsp;ini menghasilkan audio HiFi yang imersif.&nbsp;</p>\r\n\r\n<p>Desain&nbsp;<em>earphone</em>&nbsp;yang bebas dari&nbsp;<em>earbud&nbsp;</em>membuatnya nyaman digunakan saat berolahraga. Dengan daya tahan baterai hingga 13 jam, kamu dapat menikmati audio sepanjang hari. Spesifikasi produk Olike OW1 mencakup beberapa varian warna, antara lain hijau dan biru.&nbsp;</p>\r\n\r\n<p><em>Earphone&nbsp;</em>ini menggunakan Bluetooth versi 5.3 untuk konektivitas nirkabelnya. Daya masuk pengisian adalah DC-5V, dan kapasitas baterai mencapai 80 mAh, yang memberikan waktu pemutaran sekitar 13 jam dengan waktu pengisian sekitar 1 jam.&nbsp;<em>Earphone&nbsp;</em>ini memiliki berat sekitar 17 gram dan jangkauan<em>&nbsp;wireless&nbsp;</em>hingga 10 meter.&nbsp;</p>\r\n\r\n<p>Pengisian baterai dilakukan melalui port Micro USB. Olike OW1 TWS Bluetooth Headset Earphone adalah pilihan yang cocok untuk pengguna yang mencari kenyamanan, kualitas audio tinggi, dan daya tahan baterai yang baik dalam&nbsp;<em>earphone</em>&nbsp;olahraga.</p>\r\n', 'produk1733806181.jpg', 1, '2024-12-10 04:49:41'),
(34, 7, 'Kemeja formal', 75000, '<p>Jenis kemeja pria yang satu ini umumnya terbuat dari katun popelin yang halus, tidak mudah kusut, dan tidak menerawang. Bagian belakangnya dibuat lebih panjang agar mudah dan terlihat rapi saat dimasukkan ke dalam celana. Ya, kemeja formal adalah&nbsp;<em>magic&nbsp;</em>untuk&nbsp;<em>dress style&nbsp;</em>yang rapi, elegan, dan profesional.</p>\r\n\r\n<p>Tidak semua jenis kemeja cocok dipadukan dengan dasi, tetapi kemeja formal adalah pasangan yang paling sempurna untuk dasi, tanpa atau dengan setelan jas. Sebaiknya kenakan sepatu pantofel untuk tetap menjaga kesan tampilan formal.</p>\r\n', 'produk1733806687.jpeg', 1, '2024-12-10 04:58:07'),
(35, 7, 'Kemeja Oxford', 125000, '<p>Salah satu jenis kemeja pria yang&nbsp;<em>match&nbsp;</em>dipakai untuk banyak jenis gaya berbusana. Kamu bisa pakai kemeja oxford untuk&nbsp;<em>occasion&nbsp;</em>formal atau semi formal, bahkan kasual sekalipun masih memungkinkan.&nbsp;Sebutan oxford sendiri diambil dari nama kain yang digunakan sebagai bahan utama kemeja ini. Modelnya klasik a la&nbsp;<em>vintage&nbsp;</em>dengan kancing kerah dan gantungan di bawah kerah belakang sebagai ciri khas kemeja ini.</p>\r\n\r\n<p>Padukan kemeja oxford dengan celana bahan atau chino dan sepatu pantofel untuk tampilan formal, sedangkan&nbsp;<em>jeans&nbsp;</em>dan&nbsp;<em>sneakers&nbsp;</em>atau sepatu kasual lainnya untuk tampilan semi formal.&nbsp;</p>\r\n', 'produk1733807570.jpeg', 1, '2024-12-10 05:12:50'),
(36, 7, 'Kemeja Twill', 145000, '<p>Sebagaimana namanya, jenis kemeja pria yang satu ini terbuat dari bahan katun twill yang cukup tebal. Selain dari ketebalannya, kemeja twill langsung terlihat dari dua kantong di area dada sebagai ciri khas kemeja ini.&nbsp;</p>\r\n\r\n<p>Kemeja yang juga tersedia dalam ukuran&nbsp;<em>oversized&nbsp;</em>ini lebih pas digunakan untuk gaya berpakaian semi formal atau kasual tetapi masih cocok kamu pakai ke kantor atau&nbsp;<em>ocassion&nbsp;</em>formal.</p>\r\n\r\n<p>&nbsp;</p>\r\n\r\n<p>Untuk&nbsp;<em>style&nbsp;</em>yang lebih kasual, pilih kemeja twill&nbsp;<em>oversized&nbsp;</em>sebagai luaran dari kaos yang kamu pakai. Lalu, kamu bisa memadukannya dengan berbagai jenis celana mulai dari jeans hingga celana chino.</p>\r\n', 'produk1733806870.jpg', 1, '2024-12-10 05:01:10'),
(37, 7, 'Kemeja Flanel', 68000, '<p>Kemeja flanel langsung bisa dikenali dari pola kotak-kotaknya dengan ragam paduan warna. Salah satu jenis kemeja pria yang kamu bisa andalkan untuk gaya&nbsp;<em>outfit</em>&nbsp;kasual. Pakai dengan kancing terbuka di luar Tshirt kamu sebagai&nbsp;<em>outer</em>, lalu padukan dengan jeans untuk tampilan kasual yang lebih keren dan&nbsp;<em>stylish</em>.</p>\r\n\r\n<p>Jenis kemeja ini terbuat dari bahan wol yang cukup tebal dan bertekstur lembut berbulu. Ketebalannya bervariasi, mulai dari yang tebal sampai yang agak tipis. Kamu bisa pilih dan sesuaikan sama kebutuhan kamu.</p>\r\n', 'produk1733806940.jpeg', 1, '2024-12-10 05:02:20'),
(38, 7, 'Kemeja denim', 123000, '<p>Tak hanya celana atau jaket saja, kemeja juga bisa dibuat dari bahan denim. Sebagaimana bahan denim, jenis kemeja pria ini cukup tebal dan teksturnya agak kaku dan kasar.&nbsp;</p>\r\n\r\n<p>Coba pasangkan dengan celana jeans, lalu padukan dengan sepatu&nbsp;<em>sneaker&nbsp;</em>untuk&nbsp;<em>style&nbsp;</em>yang lebih santai, atau sepatu boot untuk gaya yang lebih&nbsp;<em>dandy</em>. Kalau warna kemeja kamu lebih lembut, cari jeans dengan warna gelap, begitu sebaliknya sebisa mungkin kontras.</p>\r\n\r\n<p>Kamu juga bisa variasikan dengan menutup kancing kemeja seluruhnya, membuka sebagian, atau membuka seluruhnya sebagai&nbsp;<em>outer&nbsp;</em>melapisi t-shirt. Sedikit tips mungkin berguna: Coba gulung bagian lengan kemeja sampai siku, trik ini bakal memancarkan sisi maskulinitas kamu.&nbsp;&nbsp;</p>\r\n', 'produk1733807137.jpg', 1, '2024-12-10 05:05:37'),
(39, 7, 'Kemeja Chambray', 335000, '<p>Sekilas tampilannya mirip seperti kemeja denim, tapi kemeja chambray memiliki tekstur lebih halus dan lebih ringan karena terbuat dari katun serat. Jenis kemeja pria yang satu ini sering dianggap sebagai alternatif&nbsp;<em>outfit&nbsp;</em>yang lebih formal dan berkelas, sementara kemeja denim lebih kasual.&nbsp;</p>\r\n\r\n<p>Kemeja ini cocok dipadukan dengan celana jeans untuk tampilan kasual, atau bisa juga dengan celana formal untuk tampilan yang lebih resmi. Sekali-kali kamu juga bisa gunakan dengan setelan blazer untuk tampilan yang lebih formal.</p>\r\n\r\n<p>&nbsp;</p>\r\n\r\n<p>Model kemeja biasanya bergaya sederhana dan minimalis, dan seringnya berwarna biru muda atau abu-abu. Dengan bahan yang tidak terlalu tebal atau terlalu tipis, kemeja chambray bisa jadi pilihan tepat untuk penampilan sehari-hari kamu, kuliah, ke kantor, sekedar&nbsp;<em>hangout</em>, atau ke berbagai acara yang sedikit lebih formal.</p>\r\n', 'produk1733807456.jpeg', 1, '2024-12-10 05:10:56'),
(40, 7, 'Kemeja Linen', 95000, '<p>Jenis kemeja pria yang satu ini cocok buat kamu yang sering beraktivitas di luar ruangan. Kemeja yang terbuat dari kain linen ini teksturnya ringan, halus, berpori, dan terasa sejuk di kulit.</p>\r\n\r\n<p>Pilihan warnanya cukup bervariasi. Untuk tampilan yang&nbsp;<em>colourful&nbsp;</em>kamu bisa coba warna-warna pastel. Sementara untuk model, tersedia model dengan kerah, seperti kemeja formal umumnya, dan tanpa kerah, untuk tampilan yang lebih santai tapi tetap elegan. Juga tersedia dengan variasi lengan pendek dan panjang.</p>\r\n\r\n<p>Kemeja linen adalah pilihan paling nyaman untuk aktivitas luar ruangan dan tampil dengan kesan kasual,&nbsp;<em>stylish</em>, dan menarik. Jenis kemeja ini masih cocok dipadukan dengan celana pendek, tapi kamu juga masih bisa mengenakannya untuk acara semi-formal. Cukup padukan saja dengan celana kain, chino, atau jeans.</p>\r\n', 'produk1733807316.jpeg', 1, '2024-12-10 05:08:36'),
(41, 8, 'SHARP Kulkas 2 Pintu SJ-IG961PG-BK', 12064000, '<p>Spesifikasi</p>\r\n\r\n<table>\r\n	<tbody>\r\n		<tr>\r\n			<td>Konsumsi Daya</td>\r\n			<td>148 Watt</td>\r\n		</tr>\r\n		<tr>\r\n			<td>Lain-lain</td>\r\n			<td>\r\n			<ul>\r\n				<li>J-Tech Inverter Compressor</li>\r\n				<li>Hybrid Cooling System</li>\r\n				<li>Plasmacluster</li>\r\n				<li>New Diagonal Handle Design</li>\r\n				<li>New Tempered Glass Door</li>\r\n				<li>Tandem Ice Maker</li>\r\n				<li>Tempered Glass Tray</li>\r\n				<li>LED Lamp</li>\r\n				<li>Ag+ Nano Deodorizer</li>\r\n				<li>Low Voltage &amp; Low Wattage</li>\r\n			</ul>\r\n			</td>\r\n		</tr>\r\n		<tr>\r\n			<td>Berat Produk</td>\r\n			<td>105 kg</td>\r\n		</tr>\r\n		<tr>\r\n			<td>Dimensi Produk</td>\r\n			<td>(W x H x D): 865 x 1870 x 740 mm</td>\r\n		</tr>\r\n		<tr>\r\n			<td>Kapasitas</td>\r\n			<td>\r\n			<ul>\r\n				<li>Capacity: 600 Liter (Netto) / 656 Liter (Gross)</li>\r\n				<li>Refrigerator : 422 Liter (Netto) / 461 Liter (Gross)</li>\r\n				<li>Freezer: 178 Liter (Netto) / 195 Liter (Gross)</li>\r\n			</ul>\r\n			</td>\r\n		</tr>\r\n		<tr>\r\n			<td>Material</td>\r\n			<td>Tempered Glass</td>\r\n		</tr>\r\n	</tbody>\r\n</table>\r\n', 'produk1733807872.jpeg', 1, '2024-12-10 05:17:52'),
(42, 8, 'AC DAIKIN FLASH INVERTER 1PK FTKQ25UVM4', 5369000, '<p>Tipe Refrigrant : R-32<br />\r\nDaya Listrik (Watt) : 810 (130 &ndash; 990) Watt<br />\r\nKapasitas Pendinginan : 9.000 (3.400 &ndash; 9.900) Btu/h<br />\r\nUkuran Pipa Cair &amp; Gas (Inch) : 1/4&quot; x 3/8&quot;<br />\r\nBerat Indoor + Outdoor = 29 Kg<br />\r\nGaransi Produk : 1 Tahun sparepart , 3 Tahun Kompressor<br />\r\nWarna : Putih<br />\r\nDimensi (h x w x d) : 770 x 223 x 285 mm (indoor) 695 x 244 x 418 mm (outdoor)<br />\r\nAda di Dalam Kotak : 1 Unit AC, 1 Remote, Kartu Garansi &amp; Buku Petunjuk</p>\r\n\r\n<p>&nbsp;</p>\r\n', 'produk1733808090.jpeg', 1, '2024-12-10 05:21:30'),
(43, 8, 'LG LED TV FULL HD DVB-T2 43\" 43LJ500- 43LJ500 43 lj 500', 3600000, '<p>Fitur :<br />\r\n<br />\r\n- LED TV<br />\r\n- 43 Inch<br />\r\n- Full HD 1080p<br />\r\n- Analog &amp; Digital (DVB-T2)<br />\r\n- USB Movie<br />\r\n- Triple XD<br />\r\n- Wide Viewing Angle<br />\r\n- 1x USB<br />\r\n- 2x HDMI<br />\r\n- Power 53 watt</p>\r\n', 'produk1733808281.jpg', 1, '2024-12-10 05:24:41'),
(44, 8, 'Panasonic 8 Kg Mesin Cuci Front Loading Na-128xb1lne - Abu-abu', 6289000, '<ul>\r\n	<li>Mencuci cepat 15 menit</li>\r\n	<li>Hemat energi dengan eco mode</li>\r\n	<li>Pakaian tidak mudah kusut</li>\r\n	<li>Program pencucian :&nbsp;<br />\r\n	- Cotton<br />\r\n	-&nbsp;Mix<br />\r\n	-&nbsp;Bedding<br />\r\n	-&nbsp;Down Jacket<br />\r\n	-&nbsp;Rapid wash<br />\r\n	-&nbsp;Wash<br />\r\n	-&nbsp;Colored<br />\r\n	- Rinse&amp;Spin<br />\r\n	-&nbsp;Spin<br />\r\n	-&nbsp;Wool<br />\r\n	-&nbsp;Synthetic<br />\r\n	-&nbsp;Delicate</li>\r\n	<li>Special program :&nbsp;<br />\r\n	-&nbsp;Tub Clean<br />\r\n	-&nbsp;Preset<br />\r\n	-&nbsp;Soak<br />\r\n	-&nbsp;Extra Rinse<br />\r\n	-&nbsp;Pre wash<br />\r\n	-&nbsp;Easy Iron<br />\r\n	-Eco</li>\r\n	<li>Pilihan temperature :&nbsp;Cold/20/40/60/90</li>\r\n	<li>Material drum : stainless steel</li>\r\n	<li>Tegangan : 220-240V/50hZ</li>\r\n	<li>Daya: 1900 watt</li>\r\n	<li>Dimensi produk: 59.5 cm x 53.5 cm x 84.5 cm</li>\r\n	<li>Jenis: front loading</li>\r\n	<li>Kapasitas: 8 kg</li>\r\n	<li>Kecepatan maksimal: 1200 rpm</li>\r\n	<li>Material : stainless steel</li>\r\n	<li>Seri: NA-128XB1LNE</li>\r\n	<li>Voltase: 220 volt</li>\r\n</ul>\r\n', 'produk1733808370.jpeg', 1, '2024-12-10 05:26:10'),
(45, 8, 'Dispenser Galon Bawah Polytron PWC 615', 1905000, '<p>Dispenser Galon Bawah dari polytron sangat cocok untuk memenuhi kebutuhan keluarga anda. Dilengkapi dengan 3 temperatur panas, dingin, dan normal yang dapat membantu anda mencukupi kebutuhan air<br />\r\nHybrid Heating (Fast Heating and Low Wattage)<br />\r\nZ Pipe Stainless Steel (Hygienic) minum keluarga dengan baik. Dispenser ini juga dilengkapi dengan fitur low watt heating mode bagi anda yang menginginkan air panas, tetapi khawatir tagihan listrik menjadi mahal. Dispenser Galon bawah ini juga dilengkapi dengan teknologi UV yang di setting secara otomatis untuk melindungi anda dari bahaya kuman dan bakteri akibat penyimpanan galon yang tidak benar. segera lindungi dan pelihara kesehatan keluarga anda mulai dari minuman yang anda konsumsi.</p>\r\n', 'produk1733808473.jpg', 1, '2024-12-10 05:27:53'),
(46, 8, 'Modena Microwave Convection Mv3002 - 31 Liter - 900 Wat', 3500000, '<p>Microwave dengan desain premium dari italy, mempercantik ruangan anda. Memiliki Standarisasi yang tinggi yaitu dari Italy menjadikan produk Modena menjadi pilihan utama di Indonesia. Dengan dukungan layanan pelanggan yang maksimal, memberikan rasa aman dalam pembelian produk Modena.<br />\r\n<br />\r\nFitur Utama ::<br />\r\nJenis microwave : Microwave oven + convection<br />\r\nJenis instalasi : Freestanding atau built-in<br />\r\nFungsi konveksi : Ya<br />\r\nFungsi memanggang : Ya<br />\r\nFungsi kombinasi : Ya<br />\r\nFungsi auto menu : Ya<br />\r\nWarna kabinet : Stainless<br />\r\nWarna ruangan oven : Stainless<br />\r\nWarna lapisan pintu : Brilliant Stainless<br />\r\nKontrol : Tombol elektronik<br />\r\nJam &amp; timer : Ya<br />\r\nKunci pengaman anak-anak : Ya<br />\r\nAsesoris Tambahan ::<br />\r\nPiring berputar : 1 pcs<br />\r\nRak pemanggang : 1 pcs<br />\r\nFrame (opsional) : FM 3000<br />\r\nFitur Teknis ::<br />\r\nKapasitas (liter) : 31<br />\r\nMicrowave power level : 5<br />\r\nMicrowave power output : 900 watt<br />\r\nGrill power output : 1200 watt<br />\r\nConvection power (W) : 1350 watt<br />\r\nMaximum power output : 1450 watt<br />\r\nDimensi Produk ::<br />\r\nPanjang (mm) : 520<br />\r\nLebar (mm) : 530<br />\r\nTinggi (mm) : 300<br />\r\nCut-out Dimension (termasuk dengan frame) ::<br />\r\nPanjang (mm) : 566<br />\r\nLebar (mm) : 550<br />\r\nTinggi (mm) : 366<br />\r\nBerat (kg) : 18.5</p>\r\n', 'produk1733809194.jpg', 1, '2024-12-10 05:39:54'),
(47, 8, 'Qijun UV-10 Kasur Vacuum Cleaner | 15KPa Suction, UV-C Light', 2231176, '<ul>\r\n	<li>Sinar UV efisiensi tinggi menghilangkan lebih dari 99% alergen</li>\r\n	<li>Kamar bebas debu dengan isap yang kuat</li>\r\n	<li>Mudah digunakan dengan kabel panjang dan desain ringan</li>\r\n	<li>Perawatan sederhana dengan kotak debu dan filter yang bisa dicuci</li>\r\n	<li>Sangat pas untuk pembersihan mendalam pada berbagai permukaan kain</li>\r\n</ul>\r\n', 'produk1733809320.jpeg', 1, '2024-12-10 05:42:00'),
(48, 8, 'IDEALIFE - Air Fryer – Penggoreng Tanpa Minyak - IL–200 (4L)', 1370000, '<ul>\r\n	<li>Capacity: 4.0L (FDA / LFGB approved)</li>\r\n	<li>4 Layer Granite Coating</li>\r\n	<li>60 mins Timer</li>\r\n	<li>Stainless 304 Heating Element Inside</li>\r\n	<li>Thermostat - Anti Overheat Protection</li>\r\n	<li>Cool Touch Housing and Handle</li>\r\n	<li>Temperature 60- 200 celcius Heating Capability - save energy 50%</li>\r\n	<li>Oil Free - 80% Less Fat</li>\r\n	<li>8 Cooking Mode</li>\r\n	<li>Digital LCD Display</li>\r\n	<li>BONUS: Pizza Pan &amp; Wire Rack</li>\r\n	<li>Easy to clean - Pot Diswasher able</li>\r\n	<li>Anti Slip</li>\r\n	<li>Wattage: 650watt</li>\r\n	<li>Pcs per Carton: 2 Pcs</li>\r\n	<li>Bercode No : 9852.211.307.15</li>\r\n	<li>Outer Carton Dimension :&nbsp; 61.5 x 31.5 x 34.5 Cm</li>\r\n	<li>Gift Box Dimension :&nbsp; 30 x 30 x 33 Cm</li>\r\n	<li>Kg per Carton : 9.0 Kg</li>\r\n	<li>Gram per Pcs :&nbsp; 4.5 Kg</li>\r\n</ul>\r\n', 'produk1733809414.jpeg', 1, '2024-12-10 05:43:34'),
(49, 6, 'iPhone 16 Pro Max ', 18499000, '<table>\r\n	<tbody>\r\n		<tr>\r\n			<td>Merk</td>\r\n			<td>Apple</td>\r\n		</tr>\r\n		<tr>\r\n			<td>Model</td>\r\n			<td>\r\n			<p>iPhone 16 Pro Max</p>\r\n			</td>\r\n		</tr>\r\n		<tr>\r\n			<td>Tinggi</td>\r\n			<td>163 mm&nbsp;<small>(6.42 inci)</small></td>\r\n		</tr>\r\n		<tr>\r\n			<td>Lebar</td>\r\n			<td>77.6 mm&nbsp;<small>(3.06 inci)</small></td>\r\n		</tr>\r\n		<tr>\r\n			<td>Tebal</td>\r\n			<td>8.3 mm&nbsp;<small>(0.33 inci)</small></td>\r\n		</tr>\r\n		<tr>\r\n			<td>Berat</td>\r\n			<td>227 g&nbsp;<small>(8.01 ons)</small></td>\r\n		</tr>\r\n		<tr>\r\n			<td>Jenis layar</td>\r\n			<td>LTPO Super Retina XDR OLED</td>\r\n		</tr>\r\n		<tr>\r\n			<td>Ukuran layar</td>\r\n			<td>6.9 inci</td>\r\n		</tr>\r\n		<tr>\r\n			<td>Resolusi</td>\r\n			<td>1320 &times; 2868 piksel</td>\r\n		</tr>\r\n		<tr>\r\n			<td>Chipset</td>\r\n			<td>Apple A18 Pro</td>\r\n		</tr>\r\n		<tr>\r\n			<td>inti CPU</td>\r\n			<td>6</td>\r\n		</tr>\r\n		<tr>\r\n			<td>Sistem operasi</td>\r\n			<td>iOS 18.0, Dapat diupgrade ke iOS 18.1</td>\r\n		</tr>\r\n		<tr>\r\n			<td>Dukungan kamera</td>\r\n			<td>&nbsp;Ya</td>\r\n		</tr>\r\n		<tr>\r\n			<td>tiga kamera</td>\r\n			<td>48 MP,&nbsp;&fnof;/1.8,&nbsp;24 mm&nbsp;( Sudut lebar ),&nbsp;1.22 &mu;m,&nbsp;1/1.28&quot;&nbsp;Ukuran sensor\r\n			<p>Dual-Pixel PDAF<br />\r\n			sensor-shift OIS</p>\r\n\r\n			<hr />12 MP,&nbsp;&fnof;/2.8,&nbsp;120 mm&nbsp;( Telefoto periskop ),&nbsp;1.12 &mu;m, x5 Zoom optik,&nbsp;1/3.06&quot;&nbsp;Ukuran sensor\r\n			<p>3D sensor‑shift OIS<br />\r\n			Dual-Pixel PDAF</p>\r\n\r\n			<hr />48 MP,&nbsp;&fnof;/2.2,&nbsp;13 mm&nbsp;( Sudut Ultra-Lebar ),&nbsp;0.7 &mu;m</td>\r\n		</tr>\r\n	</tbody>\r\n</table>\r\n\r\n<p>&nbsp;</p>\r\n', 'produk1733809805.jpg', 1, '2024-12-10 05:50:05'),
(50, 6, 'Asus ROG Phone 9', 10599000, '<p>&nbsp;</p>\r\n\r\n<table>\r\n	<tbody>\r\n		<tr>\r\n			<td><strong>Spesifikasi</strong></td>\r\n			<td><strong>Asus ROG Phone 9</strong></td>\r\n			<td>&nbsp;</td>\r\n		</tr>\r\n		<tr>\r\n			<td><em>Chipset</em></td>\r\n			<td>Snapdragon 8 Elite</td>\r\n			<td>&nbsp;</td>\r\n		</tr>\r\n		<tr>\r\n			<td>Layar</td>\r\n			<td>AMOLED 6,78 inci,&nbsp;<em>full&nbsp;</em>HD Plus, kecerahan maksimum 2.500 nits,&nbsp;<em>refresh rate&nbsp;</em>185 Hz</td>\r\n			<td>&nbsp;</td>\r\n		</tr>\r\n		<tr>\r\n			<td>Sistem Operasi</td>\r\n			<td>Android 15</td>\r\n			<td>&nbsp;</td>\r\n		</tr>\r\n		<tr>\r\n			<td>Kamera</td>\r\n			<td>Utama: 50 MP sensor Sony Lytia 700 1/1,56 inci, lensa&nbsp;<em>ultra wide&nbsp;</em>13 MP, lensa makro 5 MP\r\n			<p>- Advertisement -</p>\r\n\r\n			<p>Depan: 32 MP</p>\r\n			</td>\r\n			<td>&nbsp;</td>\r\n		</tr>\r\n		<tr>\r\n			<td>Penyimpanan</td>\r\n			<td>RAM 12 GB dengan&nbsp;<em>storage&nbsp;</em>256 GB/512 GB</td>\r\n			<td>&nbsp;</td>\r\n		</tr>\r\n		<tr>\r\n			<td>Baterai</td>\r\n			<td>5.800 mAh,&nbsp;<em>fast charging&nbsp;</em>65&nbsp;<em>watt</em></td>\r\n			<td>&nbsp;</td>\r\n		</tr>\r\n		<tr>\r\n			<td>Fitur</td>\r\n			<td><em>Jack audio&nbsp;</em>3,5 mm, HiRes Audio, HiRes Audio Wireless, dll</td>\r\n			<td>&nbsp;</td>\r\n		</tr>\r\n	</tbody>\r\n</table>\r\n', 'produk1733810133.jpeg', 1, '2024-12-10 05:55:33');

-- --------------------------------------------------------

--
-- Table structure for table `tb_user`
--

CREATE TABLE `tb_user` (
  `user_id` int(11) NOT NULL,
  `nama_pengguna` varchar(50) NOT NULL,
  `username` varchar(50) NOT NULL,
  `password` varchar(50) NOT NULL,
  `user_telp` varchar(25) NOT NULL,
  `user_email` varchar(50) NOT NULL,
  `user_address` text NOT NULL,
  `level` varchar(10) NOT NULL
) ENGINE=InnoDB DEFAULT CHARSET=utf8mb4 COLLATE=utf8mb4_general_ci;

--
-- Dumping data for table `tb_user`
--

INSERT INTO `tb_user` (`user_id`, `nama_pengguna`, `username`, `password`, `user_telp`, `user_email`, `user_address`, `level`) VALUES
(1, 'Achmad Farrel', 'admin', '21232f297a57a5a743894a0e4a801fc3', '+6282169724414', 'ForeginKey@gmail.com', 'Jl.Lotus Street', 'admin'),
(8, 'Rakha Raiya', 'Rakha', 'a721e2c6e152c656ba9bd8650c938d8e', '081277722299', 'RakhaRA@gmail.com', 'Muara Bunga, Jambi', 'pengguna'),
(9, 'Achmad Farrel', 'farel', '827ccb0eea8a706c4c34a16891f84e7b', '0812345678', 'ForeignKey@gmail.com', 'Jl.Lotus Street', 'pengguna');

--
-- Indexes for dumped tables
--

--
-- Indexes for table `tb_category`
--
ALTER TABLE `tb_category`
  ADD PRIMARY KEY (`category_id`);

--
-- Indexes for table `tb_product`
--
ALTER TABLE `tb_product`
  ADD PRIMARY KEY (`product_id`),
  ADD KEY `foreign key` (`category_id`);

--
-- Indexes for table `tb_user`
--
ALTER TABLE `tb_user`
  ADD PRIMARY KEY (`user_id`);

--
-- AUTO_INCREMENT for dumped tables
--

--
-- AUTO_INCREMENT for table `tb_category`
--
ALTER TABLE `tb_category`
  MODIFY `category_id` int(11) NOT NULL AUTO_INCREMENT, AUTO_INCREMENT=11;

--
-- AUTO_INCREMENT for table `tb_product`
--
ALTER TABLE `tb_product`
  MODIFY `product_id` int(11) NOT NULL AUTO_INCREMENT, AUTO_INCREMENT=51;

--
-- AUTO_INCREMENT for table `tb_user`
--
ALTER TABLE `tb_user`
  MODIFY `user_id` int(11) NOT NULL AUTO_INCREMENT, AUTO_INCREMENT=10;
COMMIT;

/*!40101 SET CHARACTER_SET_CLIENT=@OLD_CHARACTER_SET_CLIENT */;
/*!40101 SET CHARACTER_SET_RESULTS=@OLD_CHARACTER_SET_RESULTS */;
/*!40101 SET COLLATION_CONNECTION=@OLD_COLLATION_CONNECTION */;
